{
  "api": {
    "shelterlink": {
      "dependsOn": [],
      "output": {
        "authConfig": {
          "additionalAuthenticationProviders": [],
          "defaultAuthentication": {
            "apiKeyConfig": {
              "apiKeyExpirationDays": 7
            },
            "authenticationType": "API_KEY"
          }
        }
      },
      "providerPlugin": "awscloudformation",
      "service": "AppSync"
    }
  },
  "auth": {
    "ShelterLink": {
      "customAuth": false,
      "dependsOn": [],
      "frontendAuthConfig": {
        "mfaConfiguration": "OFF",
        "mfaTypes": [
          "SMS"
        ],
        "passwordProtectionSettings": {
          "passwordPolicyCharacters": [
            "REQUIRES_LOWERCASE",
            "REQUIRES_NUMBERS",
            "REQUIRES_SYMBOLS",
            "REQUIRES_UPPERCASE"
          ],
          "passwordPolicyMinLength": 8
        },
        "signupAttributes": [
          "EMAIL",
          "NAME"
        ],
        "socialProviders": [],
        "usernameAttributes": [
          "EMAIL"
        ],
        "verificationMechanisms": [
          "EMAIL"
        ]
      },
      "providerPlugin": "awscloudformation",
      "service": "Cognito"
    }
  },
  "function": {
    "lambdaapi": {
      "dependsOn": []
    },
    "petfOrganizations": {
      "build": true,
      "providerPlugin": "awscloudformation",
      "service": "Lambda"
    }
  },
  "parameters": {
    "AMPLIFY_function_lambdaapi_deploymentBucketName": {
      "usedBy": [
        {
          "category": "function",
          "resourceName": "lambdaapi"
        }
      ]
    },
    "AMPLIFY_function_lambdaapi_s3Key": {
      "usedBy": [
        {
          "category": "function",
          "resourceName": "lambdaapi"
        }
      ]
    },
    "AMPLIFY_function_petfOrganizations_deploymentBucketName": {
      "usedBy": [
        {
          "category": "function",
          "resourceName": "petfOrganizations"
        }
      ]
    },
    "AMPLIFY_function_petfOrganizations_s3Key": {
      "usedBy": [
        {
          "category": "function",
          "resourceName": "petfOrganizations"
        }
      ]
    }
  },
  "storage": {
    "shelterLinkDB": {
      "providerPlugin": "awscloudformation",
      "service": "DynamoDB"
    }
  }
}